Channel Name,Channel Id,Description,Search Query
Kenyans.co.ke,UCHphq9udrisoGYguDx-cKoQ,"We bring you breaking news in Kenyan, social, economic and political analysis. We also share with you the latest trending stories ...",Kenya KE
The Crime Gist Ke,UCxtbyvozdU-zNAa0DY5SRWw,"For gripping true-crime stories from the heart of Kenya. We cover criminal mysteries, homicides and murders that have left a mark ...",Kenya KE
Financial Freedom KE,UC5pofqxfPwA4ikMxO4wtJBg,"The mission of Financial Freedom Kenya is to provide relevant content on financial planning, cash flow management, wealth ...",Kenya KE
KTN News Kenya,UCKVsdeoHExltrWMuK0hOWmg,,Kenya KE
ONLINE COMMUNITY KE,UCO8YpKqvrN1vZockdg7yAew,"ONLINE COMMUNITY KE is an Informative, Credible and Authoritative News Channel. We bring you political commentaries, Live ...",Kenya KE
Official Sleemyboy KEðŸ‡°ðŸ‡ª,UCzunRCzsds_X6XJaIO2OJYA,"WhatsApp No.+254701607956 'Hello,welcome to my YouTube channel.' 'I do Vlogs & Performing Live Recorded Music.' Support ...",Kenya KE
State House Kenya,UCuNsouEfEq9Sh6tapfg4uRA,Official State House Youtube Channel.,Kenya KE
Engage Talk,UCD-Mf4F5ZQ1Jw-nb2gqD1mw,"At Engage, fascinating thinkers and doers combine to spark discussion and connection with the audience on a diverse mix of ...",Kenya KE
SpiceFM,UC0kFUQNwtbKJlfzTfj4x4YQ,"The Home of Sugar, Spice and Everything Nice! Nairobi 94.4 â€¢ Mombasa 87.9 â€¢ Nakuru 96.0 â€¢ Eldoret 96.7 â€¢ Nyeri 90.9 â€¢ Kisumu ...",Kenya KE
Kenya KE,UC-KGOq6rxpVrBHf5sWbipLA,,Kenya KE
Buslife ke.,UCE5EURuFYjSGg8Q4ZbwS6zA,Where Buses meet nature Instagram: @Buslife ke X: @Its_Ombogo Facebook:Buslife Ke Tiktok: Buslife Contact: +254704783716 ...,KE
ManTalk Ke,UCmBQsChFjOTcqv7D6sT8dPw,,KE
Serah KE,UCAcgtXABddtNc2GySosdT4A,for business inquires: serahkemusic@gmail.com.,KE
THE VYNIL SPACE KE,UCIvSvvp_-NMYrUiywGqOuvA,"We unleash a vibrant tapestry of interviews, laughter, and captivating anecdotes with the most sought-after entertainment ...",KE
Ke Personajes,UCkUnbNviJtOMu-9Jgfr1P_w,KE PERSONAJES BANDA DE CUMBIA ARGENTINA LA MEJOR CUMBIA - CUMBIA DE HOY - CUMBIA ARGENTINA ...,KE
SKY Girls KE,UCZF83-HDYyqiCuwoJCrnVUA,"SKYTok is the hottest Teen girl show exclusively on our TikTok page! From spilling the SKY tea â˜•, to vibing with your fave celebs ...",KE
Limz Ke,UCFMoM13hOl7WHt8g1gwc9LA,"Am Salim Ali , known as an Artist by the name Limz Ke. I do Afro Music blended with Bongo Flavour . Interested in Drill Hip Hop ...",KE
Kenyans.co.ke,UCHphq9udrisoGYguDx-cKoQ,"We bring you breaking news in Kenyan, social, economic and political analysis. We also share with you the latest trending stories ...",KE
STEVE CROWN Ke,UCy0SQXDw0qvsSjwu6TBiNLA,,KE
Mordecai Ke,UCVgbL--vKQ0iNxeyny3RbNg,"Gospel Musician, Song writer, Poet and play writer. Feel free to Hit the SUBSCRIBE button & watch us grow together ...",KE
Buslife ke.,UCE5EURuFYjSGg8Q4ZbwS6zA,Where Buses meet nature Instagram: @Buslife ke X: @Its_Ombogo Facebook:Buslife Ke Tiktok: Buslife Contact: +254704783716 ...,Ke
ManTalk Ke,UCmBQsChFjOTcqv7D6sT8dPw,,Ke
Serah KE,UCAcgtXABddtNc2GySosdT4A,for business inquires: serahkemusic@gmail.com.,Ke
THE VYNIL SPACE KE,UCIvSvvp_-NMYrUiywGqOuvA,"We unleash a vibrant tapestry of interviews, laughter, and captivating anecdotes with the most sought-after entertainment ...",Ke
Ke Personajes,UCkUnbNviJtOMu-9Jgfr1P_w,KE PERSONAJES BANDA DE CUMBIA ARGENTINA LA MEJOR CUMBIA - CUMBIA DE HOY - CUMBIA ARGENTINA ...,Ke
SKY Girls KE,UCZF83-HDYyqiCuwoJCrnVUA,"SKYTok is the hottest Teen girl show exclusively on our TikTok page! From spilling the SKY tea â˜•, to vibing with your fave celebs ...",Ke
Limz Ke,UCFMoM13hOl7WHt8g1gwc9LA,"Am Salim Ali , known as an Artist by the name Limz Ke. I do Afro Music blended with Bongo Flavour . Interested in Drill Hip Hop ...",Ke
Kenyans.co.ke,UCHphq9udrisoGYguDx-cKoQ,"We bring you breaking news in Kenyan, social, economic and political analysis. We also share with you the latest trending stories ...",Ke
STEVE CROWN Ke,UCy0SQXDw0qvsSjwu6TBiNLA,,Ke
Mordecai Ke,UCVgbL--vKQ0iNxeyny3RbNg,"Gospel Musician, Song writer, Poet and play writer. Feel free to Hit the SUBSCRIBE button & watch us grow together ...",Ke
